profile,font_size,classification,confidence,percentage,notes
profile1,18,small,,34.1,
profile1,24,regular,,65.9,
profile2,18,small,,54.7,
profile2,24,regular,?,43.8,
profile2,26,large,,1.4,
profile3,18,small,,4.5,
profile3,20,small,,2.0,
profile3,24,regular,,93.5,
profile4,18,small,,12.6,
profile4,23,regular,,0.3,
profile4,24,regular,,87.1,
profile5,16,small,,0.2,
profile5,18,small,,15.1,
profile5,24,regular,,84.7,
profile6,18,small,,78.0,
profile6,22,regular,,6.5,
profile6,24,regular,,15.5,
profile7,16,small,,0.1,
profile7,18,small,,82.5,
profile7,24,regular,?,16.9,
profile7,26,large,,0.5,
profile8,16,small,,9.9,
profile8,18,small,,76.0,
profile8,23,regular,,3.0,
profile8,24,regular,,11.2,
profile9,24,regular,,99.9,
profile9,26,large,,0.1,
profile10,20,regular,,2.1,
profile10,22,regular,,94.8,
profile10,26,large,,3.1,
profile11,22,regular,,98.8,
profile11,26,large,,1.2,
profile12,20,small,,0.4,
profile12,24,regular,,99.6,
profile13,18,small,,11.8,
profile13,22,regular,,0.0,
profile13,23,regular,,0.3,
profile13,24,regular,,87.9,
profile14,23,regular,,98.6,
profile14,26,large,,1.4,
profile15,18,small,,2.2,
profile15,22,regular,,95.2,
profile15,26,large,,2.5,
profile16,18,small,,12.6,
profile16,20,small,,0.2,
profile16,24,regular,,87.1,
profile16,26,large,,0.1,
profile17,22,regular,,98.8,
profile17,24,large,,1.2,
profile18,18,small,,4.5,
profile18,23,regular,,94.5,
profile18,26,large,,1.0,
profile19,24,regular,,100.0,
profile20,18,small,,23.2,
profile20,22,small,,0.2,
profile20,24,regular,,75.6,
profile20,26,large,,1.0,
profile21,16,small,,4.6,
profile21,18,small,,12.4,
profile21,22,small,,0.1,
profile21,24,regular,,82.9,
profile22,17,small,,9.3,
profile22,18,small,,31.3,
profile22,23,regular,,8.6,
profile22,24,regular,,50.8,
profile23,23,regular,,99.6,
profile23,24,regular,,0.4,
profile24,16,small,,1.9,
profile24,18,small,,26.4,
profile24,20,small,,0.1,
profile24,24,regular,,71.5,
profile25,18,small,,10.4,
profile25,23,regular,,77.3,
profile25,24,regular,?,11.2,
profile25,26,large,,1.1,
profile26,20,small,,0.3,
profile26,22,regular,,98.6,
profile26,24,regular,,0.7,
profile26,26,large,,0.4,
profile27,17,small,,76.5,
profile27,18,small,,1.0,
profile27,24,regular,,22.5,
profile28,18,small,,6.3,
profile28,24,regular,,92.5,
profile28,25,regular,,1.2,
profile29,16,small,,1.5,
profile29,24,regular,,98.3,
profile29,26,large,,0.2,
profile30,22,regular,,100.0,
profile31,18,small,,0.8,
profile31,23,regular,,99.2,
profile32,18,small,,0.9,
profile32,22,regular,,98.8,
profile32,23,regular,,0.3,
profile33,18,small,,16.3,
profile33,20,small,,0.1,
profile33,22,regular,,0.0,
profile33,24,regular,,83.6,
profile34,18,small,,1.1,
profile34,20,regular,,1.5,
profile34,22,regular,,96.4,
profile34,26,large,,1.0,
profile35,16,small,,5.3,
profile35,22,regular,,93.8,
profile35,24,regular,,0.9,
profile36,18,small,,4.8,
profile36,24,regular,,93.9,
profile36,28,large,,1.3,
profile37,16,small,,11.5,
profile37,20,small,,0.3,
profile37,24,regular,,88.2,
profile38,16,small,,0.3,
profile38,18,small,,30.2,
profile38,20,small,,0.2,
profile38,24,regular,,69.1,
profile38,26,large,,0.3,
profile39,16,small,,0.4,
profile39,18,small,,16.3,
profile39,22,regular,,0.0,
profile39,24,regular,,83.1,
profile39,26,large,,0.2,
profile40,18,small,,4.3,
profile40,22,regular,,95.7,
profile41,16,small,,0.0,
profile41,22,regular,,99.3,
profile41,26,large,,0.7,
profile42,18,small,,3.2,
profile42,20,small,,0.8,
profile42,23,regular,,2.1,
profile42,24,regular,,93.9,
profile43,18,small,,36.4,
profile43,20,small,,1.1,
profile43,24,regular,,61.4,
profile43,25,regular,,1.0,
profile44,14,small,,0.0,
profile44,18,small,,19.2,
profile44,23,regular,,0.2,
profile44,24,regular,,80.6,
profile45,23,regular,,100.0,
profile46,22,regular,,98.9,
profile46,24,large,,0.2,
profile46,26,large,,0.9,
profile47,16,small,,0.0,
profile47,18,small,,20.4,
profile47,20,regular,,0.1,
profile47,22,regular,,0.0,
profile47,23,regular,,0.0,
profile47,24,regular,,79.4,
profile48,18,small,,9.1,
profile48,24,regular,,90.8,
profile48,26,large,,0.2,
profile48,28,large,,0.0,
profile49,16,small,,0.1,
profile49,18,small,,20.8,
profile49,20,small,,10.1,
profile49,23,regular,,0.1,
profile49,24,regular,,68.9,
profile50,16,small,,10.8,
profile50,18,small,,2.0,
profile50,22,regular,,86.8,
profile50,26,large,,0.4,
profile51,17,small,,48.3,
profile51,18,small,,12.9,
profile51,24,regular,,37.2,
profile51,26,large,,1.7,
profile52,20,small,,0.4,
profile52,23,small,,18.6,
profile52,24,regular,,81.0,
profile53,18,small,,2.2,
profile53,20,small,,0.4,
profile53,22,regular,,96.6,
profile53,24,regular,,0.1,
profile53,26,large,,0.6,
profile54,20,regular,,91.5,
profile54,23,large,,0.3,
profile54,26,large,,8.2,
profile55,16,small,,0.0,
profile55,18,small,,20.2,
profile55,23,small,,0.0,
profile55,24,regular,,79.3,
profile55,26,large,,0.5,
profile56,16,small,,0.5,
profile56,23,regular,,98.7,
profile56,24,regular,,0.8,
profile57,14,small,,0.0,
profile57,18,small,,11.4,
profile57,24,regular,,88.6,
profile58,13,small,,8.6,
profile58,20,regular,,0.3,
profile58,22,regular,,90.8,
profile58,26,large,,0.3,
profile59,16,small,,11.0,
profile59,18,small,,24.2,
profile59,24,regular,,64.3,
profile59,25,regular,,0.5,
profile60,17,small,,10.4,
profile60,18,small,,0.7,
profile60,22,regular,,3.2,
profile60,23,regular,,0.2,
profile60,24,regular,,85.4,
profile61,12,small,,0.5,
profile61,18,small,,14.3,
profile61,24,regular,,85.2,
profile62,16,small,,0.4,
profile62,18,small,,20.1,
profile62,22,regular,,0.1,
profile62,23,regular,,0.5,
profile62,24,regular,,79.0,
profile63,15,small,,0.7,
profile63,18,small,,22.1,
profile63,23,regular,,0.3,
profile63,24,regular,,76.9,
profile64,16,small,,0.3,
profile64,17,small,,13.2,
profile64,18,small,,15.2,
profile64,23,regular,,44.3,
profile64,24,regular,,27.0,
profile65,14,small,,0.0,
profile65,16,small,,6.3,
profile65,18,small,,29.6,
profile65,24,regular,,64.1,
profile66,15,small,,0.9,
profile66,18,small,,10.2,
profile66,24,regular,,88.5,
profile66,26,large,,0.5,
profile67,23,regular,,95.8,
profile67,25,large,,4.2,
profile68,16,small,,6.5,
profile68,18,small,,0.4,
profile68,20,regular,,0.4,
profile68,22,regular,,92.1,
profile68,24,large,,0.5,
profile69,16,small,,8.5,
profile69,23,regular,,91.3,
profile69,26,large,,0.2,
profile70,26,regular,,100.0,
profile71,16,small,,0.3,
profile71,24,regular,,99.7,
profile72,14,small,,2.4,
profile72,16,small,,2.4,
profile72,18,small,,55.1,
profile72,23,regular,,0.3,
profile72,24,regular,,39.9,
profile73,15,small,,0.7,
profile73,18,small,,22.3,
profile73,22,regular,,0.0,
profile73,23,regular,,0.3,
profile73,24,regular,,76.7,
profile74,17,small,,18.6,
profile74,18,small,,0.6,
profile74,20,regular,,1.8,
profile74,23,regular,,75.2,
profile74,24,regular,,3.9,
profile75,17,small,,0.6,
profile75,18,small,,19.4,
profile75,20,small,,1.5,
profile75,24,regular,,78.5,
profile76,14,small,,0.8,
profile76,18,small,,22.9,
profile76,22,regular,,0.0,
profile76,23,regular,,0.5,
profile76,24,regular,,75.8,
profile77,16,small,,0.4,
profile77,18,small,,1.4,
profile77,23,regular,,98.0,
profile77,26,large,,0.2,
profile78,17,small,,53.0,
profile78,18,small,,2.0,
profile78,23,regular,,40.3,
profile78,24,regular,,2.4,
profile78,26,large,,2.3,
profile79,16,small,,8.5,
profile79,18,small,,2.6,
profile79,23,regular,,88.9,
profile80,14,small,,0.0,
profile80,16,small,,1.6,
profile80,18,small,,23.6,
profile80,20,small,,0.0,
profile80,23,regular,,0.3,
profile80,24,regular,,74.6,
profile81,18,small,,10.1,
profile81,20,small,,7.3,
profile81,23,regular,,82.6,
profile82,18,small,,3.7,
profile82,23,regular,,96.0,
profile82,25,large,,0.3,
profile83,18,regular,,100.0,
profile84,16,small,,8.4,
profile84,18,small,,0.2,
profile84,22,regular,,90.5,
profile84,23,regular,,0.9,
profile85,18,small,,16.1,
profile85,22,regular,,0.0,
profile85,24,regular,,81.6,
profile85,25,regular,,2.3,
profile86,12,small,,0.0,
profile86,18,small,,41.3,
profile86,24,regular,,58.1,
profile86,26,large,,0.6,
profile87,18,small,,3.4,
profile87,23,small,,31.7,
profile87,24,regular,,64.1,
profile87,25,large,,0.8,
profile88,20,small,,0.0,
profile88,22,regular,,100.0,
profile89,18,small,,12.3,
profile89,20,small,,2.7,
profile89,22,regular,,85.0,
profile90,15,small,,0.0,
profile90,18,small,,15.3,
profile90,24,regular,,84.7,
profile90,28,regular,?,0.0,
profile91,23,regular,,99.2,
profile91,24,regular,?,0.7,
profile91,26,large,,0.1,
profile92,16,small,,0.1,
profile92,18,small,,1.6,
profile92,20,small,,0.0,
profile92,23,regular,,4.6,
profile92,24,regular,,93.6,
profile92,26,large,,0.0,
profile93,15,small,,0.1,
profile93,16,small,,0.2,
profile93,18,small,,20.8,
profile93,22,regular,,0.0,
profile93,24,regular,,78.9,
profile94,11,small,,0.3,
profile94,18,small,,42.0,
profile94,24,regular,,57.7,
profile95,16,small,,1.8,
profile95,20,small,,1.8,
profile95,23,regular,,96.2,
profile95,24,regular,,0.2,
profile96,20,small,,1.5,
profile96,23,regular,,98.5,
profile97,17,small,,4.9,
profile97,18,small,,19.1,
profile97,22,regular,,3.4,
profile97,24,regular,,72.7,
profile98,19,small,,1.5,
profile98,23,regular,,98.4,
profile98,26,large,,0.1,
profile99,18,small,,2.8,
profile99,21,regular,,97.2,
profile100,16,small,,16.5,
profile100,22,regular,,80.2,
profile100,24,regular,,0.7,
profile100,26,large,,2.6,
profile101,16,small,,1.6,
profile101,17,small,,70.2,
profile101,18,small,,15.8,
profile101,24,regular,,11.8,
profile101,26,large,,0.6,
profile102,12,small,,0.0,
profile102,18,small,,16.6,
profile102,22,regular,,0.0,
profile102,24,regular,,82.7,
profile102,25,regular,?,0.7,
profile102,26,regular,?,0.0,
profile103,11,small,,0.1,
profile103,16,small,,7.0,
profile103,18,small,,16.2,
profile103,24,regular,,76.7,
profile104,14,small,,0.0,
profile104,16,small,,0.1,
profile104,18,small,,22.7,
profile104,22,regular,,0.0,
profile104,23,regular,,0.2,
profile104,24,regular,,76.8,
profile105,16,small,,0.6,
profile105,18,small,,22.8,
profile105,23,regular,,0.1,
profile105,24,regular,,76.4,
profile105,31,regular,?,0.0,
profile106,18,small,,33.4,
profile106,24,regular,,65.9,
profile106,26,large,,0.7,
profile106,31,large,?,0.0,
profile107,20,small,,0.3,
profile107,22,regular,,99.0,
profile107,23,regular,?,0.4,
profile107,24,regular,,0.0,
profile107,26,large,,0.3,
profile108,22,regular,,0.1,
profile108,23,regular,,99.9,
profile109,16,small,,7.1,
profile109,17,small,,9.9,
profile109,18,regular,,38.3,
profile109,22,regular,?,6.2,
profile109,24,regular,?,37.6,
profile109,26,large,,0.7,
profile110,20,regular,,100.0,
profile111,19,regular,,1.2,
profile111,22,regular,,97.7,
profile111,24,large,,0.1,
profile111,26,large,,0.9,
profile112,18,small,,22.1,
profile112,20,small,,0.0,
profile112,22,regular,,0.1,
profile112,23,regular,,0.3,
profile112,24,regular,,77.5,
profile112,26,regular,?,0.0,
profile113,11,small,,0.0,
profile113,18,small,,82.3,
profile113,24,regular,?,17.1,
profile113,26,large,,0.5,
profile114,14,small,,0.1,
profile114,16,small,,0.1,
profile114,18,small,,2.3,
profile114,20,small,,0.0,
profile114,23,regular,,12.3,
profile114,24,regular,,85.1,
profile114,26,large,,0.0,
profile115,16,small,,2.3,
profile115,17,small,,0.8,
profile115,18,small,,3.5,
profile115,20,small,,0.7,
profile115,23,regular,,12.9,
profile115,24,regular,,79.8,
profile116,18,small,,1.6,
profile116,22,regular,,0.0,
profile116,23,regular,,0.0,
profile116,24,regular,,98.2,
profile116,26,large,,0.2,
profile117,16,small,,0.0,
profile117,22,regular,,0.2,
profile117,23,regular,,99.7,
profile118,14,small,,0.1,
profile118,19,small,,0.2,
profile118,24,regular,,99.6,
profile118,26,large,,0.1,
profile119,19,small,,0.1,
profile119,20,small,,97.1,
profile119,22,regular,,1.8,
profile119,24,regular,?,0.4,
profile119,26,large,,0.6,
profile120,17,small,,1.3,
profile120,23,regular,,6.1,
profile120,24,regular,,92.2,
profile120,25,large,,0.3,
profile121,17,small,,5.2,
profile121,18,small,,31.4,
profile121,20,small,,0.5,
profile121,22,regular,,0.2,
profile121,23,regular,,15.2,
profile121,24,regular,,47.5,
profile122,20,small,,1.0,
profile122,24,regular,,97.7,
profile122,26,large,,1.3,
profile123,16,small,,0.3,
profile123,17,small,,8.3,
profile123,18,small,,20.5,
profile123,24,regular,,70.9,
profile124,20,small,,0.1,
profile124,23,regular,,99.9,
profile124,24,regular,?,0.0,
profile124,26,large,,0.0,
profile125,19,small,,0.2,
profile125,20,small,,0.0,
profile125,22,regular,,99.5,
profile125,26,large,,0.3,
profile126,14,small,,0.0,
profile126,16,small,,39.2,
profile126,18,small,,46.6,
profile126,22,regular,,14.2,
profile127,15,small,,0.1,
profile127,18,small,,5.2,
profile127,24,regular,,94.6,
profile128,19,small,,0.6,
profile128,23,regular,,99.2,
profile128,24,regular,,0.1,
profile129,16,small,,23.7,
profile129,23,regular,,76.3,
profile130,15,small,,0.0,
profile130,18,small,,18.6,
profile130,22,regular,,0.0,
profile130,24,regular,,81.3,
profile130,28,large,,0.0,
profile131,16,small,,9.4,
profile131,19,small,,4.1,
profile131,22,regular,,86.5,
profile132,16,small,,37.7,
profile132,20,small,,0.1,
profile132,22,regular,,53.5,
profile132,24,regular,,8.7,
profile133,18,small,,3.7,
profile133,22,regular,,0.2,
profile133,23,regular,,7.0,
profile133,24,regular,,89.1,
profile133,25,regular,?,0.0,
profile134,10,small,,0.0,
profile134,18,small,,23.1,
profile134,24,regular,,76.9,
profile135,16,small,,2.6,
profile135,21,regular,,88.9,
profile135,22,regular,,7.9,
profile135,26,large,,0.6,
profile136,14,small,,0.0,
profile136,16,small,,0.0,
profile136,20,small,,0.0,
profile136,22,regular,,100.0,
profile136,24,regular,,0.0,
profile137,16,small,,0.7,
profile137,18,small,,0.5,
profile137,19,small,,0.0,
profile137,23,regular,,98.6,
profile137,24,regular,,0.1,
profile138,16,small,,43.2,
profile138,17,small,,2.1,
profile138,20,small,,2.1,
profile138,23,regular,,52.5,
profile139,17,small,,0.6,
profile139,18,small,,28.2,
profile139,20,small,,1.7,
profile139,22,regular,,0.2,
profile139,24,regular,,69.3,
profile140,17,small,,13.2,
profile140,20,small,,7.7,
profile140,24,regular,,0.5,
profile140,25,regular,,78.7,
profile141,17,small,,4.5,
profile141,23,regular,,20.2,
profile141,24,regular,,73.4,
profile141,26,large,,1.9,
profile142,18,small,,0.4,
profile142,22,regular,,4.8,
profile142,23,regular,,94.5,
profile142,26,large,,0.3,
profile143,11,small,,0.0,
profile143,16,small,,43.5,
profile143,18,small,,4.1,
profile143,20,small,,0.1,
profile143,24,regular,,52.3,
profile144,16,small,,2.8,
profile144,18,small,,1.7,
profile144,22,regular,,95.4,
profile145,17,small,,4.9,
profile145,18,small,,22.1,
profile145,22,regular,,0.0,
profile145,23,regular,,0.8,
profile145,24,regular,,72.0,
profile145,25,regular,,0.3,
profile146,11,small,,0.1,
profile146,18,small,,27.7,
profile146,22,regular,,0.2,
profile146,23,regular,,34.0,
profile146,24,regular,,37.4,
profile146,26,large,,0.6,
profile147,24,regular,,98.5,
profile147,26,large,,1.4,
profile147,28,large,,0.1,
profile148,16,small,,0.4,
profile148,17,small,,1.4,
profile148,18,small,,19.6,
profile148,20,small,,0.2,
profile148,24,regular,,78.1,
profile148,26,large,,0.5,
profile149,19,small,,0.6,
profile149,22,regular,,99.4,
profile150,18,small,,2.1,
profile150,20,small,,0.7,
profile150,21,small,,0.7,
profile150,22,regular,,95.8,
profile150,26,large,,0.8,
profile151,14,small,,0.0,
profile151,18,small,,20.5,
profile151,22,small,,1.5,
profile151,24,regular,,78.0,
profile152,16,small,,2.5,
profile152,20,regular,,70.2,
profile152,24,regular,?,25.6,
profile152,26,large,,1.8,
profile153,17,small,,36.4,
profile153,18,small,,2.7,
profile153,20,small,,0.3,
profile153,23,regular,,57.4,
profile153,26,large,,3.2,
profile154,16,small,,4.8,
profile154,17,small,,5.4,
profile154,18,small,,3.5,
profile154,20,small,,0.4,
profile154,22,regular,,0.4,
profile154,23,regular,,85.5,
profile155,13,small,,5.0,
profile155,18,small,,0.3,
profile155,19,small,,0.9,
profile155,20,small,,0.6,
profile155,22,regular,,93.0,
profile155,26,large,,0.3,
profile156,19,small,,3.8,
profile156,22,regular,,0.6,
profile156,23,regular,,95.6,
profile157,14,small,,0.1,
profile157,16,small,,0.3,
profile157,18,small,,0.2,
profile157,22,regular,,99.1,
profile157,23,regular,,0.2,
profile158,17,small,,12.5,
profile158,18,small,,3.2,
profile158,23,regular,,84.3,
profile159,18,small,,17.0,
profile159,20,small,,0.0,
profile159,22,regular,,0.0,
profile159,23,regular,,0.2,
profile159,24,regular,,82.8,
profile160,16,small,,1.7,
profile160,18,small,,10.1,
profile160,20,small,,0.0,
profile160,22,regular,,0.0,
profile160,24,regular,,88.0,
profile160,26,large,,0.2,
profile161,16,small,,0.0,
profile161,18,small,,32.1,
profile161,20,small,,1.1,
profile161,22,regular,,0.0,
profile161,23,regular,,0.1,
profile161,24,regular,,66.7,
profile161,28,regular,?,0.0,
profile162,16,small,,0.3,
profile162,17,small,,37.1,
profile162,18,small,,0.3,
profile162,23,regular,,10.2,
profile162,24,regular,,50.7,
profile162,26,large,,1.5,
profile163,14,small,,0.0,
profile163,16,small,,0.7,
profile163,18,small,,25.8,
profile163,22,regular,,31.6,
profile163,24,regular,,41.9,
profile164,20,small,,1.0,
profile164,22,regular,,98.0,
profile164,23,regular,?,0.3,
profile164,26,large,,0.7,
profile165,11,small,,0.5,
profile165,18,small,,41.7,
profile165,23,regular,,8.6,
profile165,24,regular,,49.2,
profile166,14,small,,0.0,
profile166,16,small,,0.1,
profile166,18,small,,1.0,
profile166,23,regular,,98.9,
profile167,19,small,,0.1,
profile167,20,small,,0.9,
profile167,23,regular,,98.9,
profile167,24,regular,?,0.0,
profile167,26,large,,0.0,
profile168,12,small,,0.0,
profile168,18,small,,23.4,
profile168,23,regular,,0.0,
profile168,24,regular,,75.8,
profile168,25,regular,?,0.7,
profile169,16,small,,0.1,
profile169,19,small,,0.9,
profile169,22,regular,,98.2,
profile169,24,regular,,0.0,
profile169,26,large,,0.7,
profile170,18,small,,15.5,
profile170,19,small,,0.2,
profile170,24,regular,,84.3,
profile171,16,small,,1.8,
profile171,23,regular,,54.7,
profile171,24,regular,?,42.2,
profile171,26,large,,1.4,
profile172,11,small,,0.0,
profile172,13,small,,0.0,
profile172,16,small,,0.0,
profile172,19,small,,0.9,
profile172,20,small,,0.4,
profile172,22,regular,,98.0,
profile172,24,regular,,0.2,
profile172,26,large,,0.3,
profile173,14,small,,0.1,
profile173,16,small,,0.5,
profile173,18,small,,0.8,
profile173,20,small,,0.0,
profile173,23,regular,,4.4,
profile173,24,regular,,94.2,
profile173,25,regular,,0.0,
profile174,17,small,,0.3,
profile174,22,regular,,99.5,
profile174,28,large,,0.2,
profile175,18,small,,9.5,
profile175,19,small,,8.8,
profile175,20,small,,0.5,
profile175,21,small,,1.8,
profile175,22,regular,,71.9,
profile175,23,regular,?,0.1,
profile175,24,regular,,0.7,
profile175,25,regular,,5.2,
profile175,26,large,,1.5,
profile176,17,small,,0.4,
profile176,18,small,,6.4,
profile176,19,small,,3.3,
profile176,20,small,,0.1,
profile176,21,small,,0.4,
profile176,22,regular,,84.9,
profile176,23,regular,?,0.2,
profile176,24,regular,?,0.8,
profile176,25,large,,2.4,
profile176,26,large,,1.1,
profile177,16,small,,2.5,
profile177,18,small,,15.3,
profile177,19,small,,10.4,
profile177,20,regular,,52.1,
profile177,24,regular,?,19.7,
profile178,22,regular,,99.8,
profile178,28,large,,0.2,
profile179,18,small,,0.7,
profile179,19,small,,3.3,
profile179,20,small,,0.2,
profile179,21,regular,,1.2,
profile179,22,regular,,92.0,
profile179,25,regular,,2.5,
profile180,16,small,,0.1,
profile180,18,small,,1.9,
profile180,19,small,,1.9,
profile180,20,small,,0.3,
profile180,22,regular,,93.9,
profile180,23,regular,?,0.0,
profile180,25,regular,,1.9,
profile181,18,small,,2.1,
profile181,19,small,,1.1,
profile181,20,small,,0.5,
profile181,21,regular,,0.6,
profile181,22,regular,,93.8,
profile181,23,regular,?,0.1,
profile181,24,regular,?,0.3,
profile181,25,regular,,0.8,
profile181,26,regular,,0.3,
profile181,28,regular,?,0.4,
profile182,18,small,,5.7,
profile182,19,small,,29.0,
profile182,20,regular,,47.8,
profile182,24,regular,?,17.5,
profile183,17,small,,3.3,
profile183,18,small,,18.4,
profile183,19,regular,,31.1,
profile183,22,regular,?,30.8,
profile183,24,regular,?,16.3,
profile184,17,small,,0.2,
profile184,18,small,,10.3,
profile184,22,regular,,0.8,
profile184,24,regular,,88.7,
profile184,25,regular,?,0.0,
profile185,20,small,,0.4,
profile185,21,small,,0.5,
profile185,22,regular,,98.7,
profile185,26,large,,0.4,
profile186,17,small,,4.6,
profile186,24,regular,,93.5,
profile186,26,large,,1.9,
profile187,12,small,,0.2,
profile187,16,small,,1.9,
profile187,18,small,,1.6,
profile187,20,small,,0.5,
profile187,22,regular,,2.3,
profile187,24,regular,,93.5,
profile188,19,small,,1.0,
profile188,23,regular,,99.0,
profile189,19,small,,13.2,
profile189,22,regular,,80.0,
profile189,26,large,,6.8,
profile190,16,small,,0.1,
profile190,18,small,,33.8,
profile190,20,small,,0.0,
profile190,22,regular,,0.0,
profile190,23,regular,,1.3,
profile190,24,regular,,64.6,
profile190,26,large,,0.1,
profile191,18,small,,4.3,
profile191,19,small,,0.9,
profile191,22,regular,,94.1,
profile191,24,regular,,0.0,
profile191,26,large,,0.7,
profile192,12,small,,0.0,
profile192,18,small,,24.3,
profile192,22,regular,,0.0,
profile192,23,regular,,0.1,
profile192,24,regular,,75.4,
profile192,26,regular,?,0.2,
profile193,12,small,,0.0,
profile193,18,small,,16.6,
profile193,20,small,,0.0,
profile193,22,regular,,0.0,
profile193,23,regular,,0.0,
profile193,24,regular,,83.3,
profile193,25,regular,?,0.0,
profile193,26,regular,?,0.0,
profile194,18,small,,22.5,
profile194,24,regular,,75.7,
profile194,25,regular,?,1.8,
profile194,26,regular,?,0.0,
profile195,22,regular,,97.3,
profile195,25,large,,2.7,
profile196,15,small,,0.0,
profile196,16,small,,3.1,
profile196,18,small,,2.0,
profile196,24,regular,,93.9,
profile196,26,large,,1.0,
profile197,20,small,,0.2,
profile197,24,regular,,99.6,
profile197,25,large,,0.2,
profile198,15,small,,0.0,
profile198,16,small,,7.8,
profile198,20,small,,0.8,
profile198,24,regular,,91.3,
profile199,15,small,,0.0,
profile199,16,small,,0.6,
profile199,24,regular,,99.4,
profile200,16,small,,1.5,
profile200,17,small,,30.5,
profile200,18,small,,2.1,
profile200,22,regular,,1.6,
profile200,23,regular,,6.2,
profile200,24,regular,,58.0,
profile201,17,small,,2.6,
profile201,23,regular,,96.9,
profile201,24,regular,,0.5,
profile202,14,small,,0.2,
profile202,16,small,,4.3,
profile202,19,small,,1.1,
profile202,22,regular,,94.3,
profile202,24,regular,,0.1,
profile203,17,small,,3.5,
profile203,18,small,,7.3,
profile203,20,small,,0.0,
profile203,24,regular,,88.4,
profile203,26,large,,0.7,
profile204,14,small,,4.4,
profile204,20,small,,0.7,
profile204,22,regular,,94.4,
profile204,24,regular,,0.6,
profile205,16,small,,2.8,
profile205,20,small,,30.2,
profile205,22,regular,,60.3,
profile205,24,regular,,6.3,
profile205,26,large,,0.5,
profile206,13,small,,1.9,
profile206,18,small,,8.2,
profile206,20,small,,0.3,
profile206,22,regular,,89.2,
profile206,26,large,,0.4,
profile207,15,small,,0.1,
profile207,18,small,,16.5,
profile207,20,small,,2.7,
profile207,24,regular,,80.7,
profile208,18,small,,13.0,
profile208,22,regular,,0.0,
profile208,23,regular,,0.5,
profile208,24,regular,,86.4,
profile208,28,large,?,0.0,
profile209,11,small,,0.2,
profile209,17,small,,22.4,
profile209,18,small,,0.8,
profile209,23,regular,,28.1,
profile209,24,regular,,47.6,
profile209,26,large,,0.9,
profile210,17,small,,13.4,
profile210,18,small,,0.5,
profile210,23,regular,,85.1,
profile210,25,large,,1.0,
profile211,14,small,,1.9,
profile211,18,small,,16.9,
profile211,20,small,,4.2,
profile211,24,regular,,77.0,
profile212,11,small,,0.0,
profile212,16,small,,0.4,
profile212,18,small,,13.5,
profile212,24,regular,,85.8,
profile212,26,large,,0.4,
profile213,14,small,,0.1,
profile213,16,small,,1.5,
profile213,22,regular,,98.4,
profile214,12,small,,0.0,
profile214,18,small,,5.5,
profile214,24,regular,,94.0,
profile214,25,regular,?,0.5,
profile215,10,small,,0.0,
profile215,18,small,,21.2,
profile215,24,regular,,76.9,
profile215,26,large,,1.8,
profile216,12,small,,0.0,
profile216,18,small,,5.4,
profile216,23,regular,,0.1,
profile216,24,regular,,94.5,
profile217,14,small,,0.0,
profile217,16,small,,1.8,
profile217,18,small,,24.5,
profile217,23,regular,,3.1,
profile217,24,regular,,70.0,
profile217,26,large,,0.6,
profile218,12,small,,0.0,
profile218,16,small,,0.0,
profile218,18,small,,13.8,
profile218,20,small,,0.0,
profile218,24,regular,,85.8,
profile218,25,regular,?,0.3,
profile218,26,regular,?,0.1,
profile219,18,small,,17.5,
profile219,23,regular,,0.3,
profile219,24,regular,,82.2,
profile219,28,regular,?,0.0,
profile220,15,small,,0.0,
profile220,18,small,,60.2,
profile220,22,regular,,0.5,
profile220,24,regular,?,39.3,
profile221,16,small,,1.4,
profile221,17,small,,5.4,
profile221,18,small,,16.6,
profile221,22,regular,,0.0,
profile221,23,regular,,6.7,
profile221,24,regular,,69.7,
profile221,26,large,,0.2,
profile222,21,regular,,100.0,
profile223,18,small,,0.4,
profile223,20,small,,1.4,
profile223,23,regular,,97.7,
profile223,25,large,,0.4,
profile224,16,small,,7.1,
profile224,17,small,,0.8,
profile224,23,regular,,91.9,
profile224,25,large,,0.1,
profile225,14,small,,2.0,
profile225,16,small,,1.9,
profile225,20,small,,0.6,
profile225,23,regular,,95.4,
profile225,24,regular,,0.1,
profile226,11,small,,0.0,
profile226,16,small,,0.6,
profile226,19,small,,0.1,
profile226,23,regular,,99.2,
profile226,24,regular,,0.1,
profile227,14,small,,0.1,
profile227,22,regular,,99.8,
profile227,24,regular,?,0.0,
profile227,26,large,,0.1,
profile228,17,small,,11.8,
profile228,18,small,,3.7,
profile228,23,regular,,80.6,
profile228,26,large,,4.0,
profile229,19,small,,6.0,
profile229,20,small,,2.8,
profile229,24,regular,,91.2,
profile230,19,small,,0.2,
profile230,20,small,,0.0,
profile230,22,regular,,99.4,
profile230,23,regular,,0.3,
profile230,26,large,,0.2,
profile231,17,small,,13.2,
profile231,18,small,,9.9,
profile231,23,regular,,68.4,
profile231,24,regular,?,7.4,
profile231,25,large,,1.0,
profile232,18,small,,0.0,
profile232,20,small,,0.0,
profile232,23,regular,,100.0,
profile232,26,large,,0.0,
profile233,16,small,,0.0,
profile233,18,small,,20.5,
profile233,20,small,,0.0,
profile233,24,regular,,79.3,
profile233,25,large,,0.1,
profile234,16,small,,9.6,
profile234,17,small,,45.7,
profile234,22,regular,,39.3,
profile234,23,regular,,5.4,
profile235,21,regular,,99.3,
profile235,24,regular,,0.7,
profile236,11,small,,0.1,
profile236,16,small,,1.3,
profile236,22,regular,,98.3,
profile236,23,regular,,0.3,
profile237,18,small,,0.3,AUTO-ADDED
profile237,19,small,,0.9,AUTO-ADDED
profile237,20,small,,0.6,AUTO-ADDED
profile237,22,regular,,98.0,AUTO-ADDED
profile237,26,large,,0.3,AUTO-ADDED
profile238,16,small,,0.5,AUTO-ADDED
profile238,18,small,,0.8,AUTO-ADDED
profile238,20,small,,0.1,AUTO-ADDED
profile238,23,regular,,4.4,AUTO-ADDED
profile238,24,regular,,94.2,AUTO-ADDED
profile238,25,large,,0.0,AUTO-ADDED
profile239,16,small,,0.4,AUTO-ADDED
profile239,17,small,,0.3,AUTO-ADDED
profile239,22,regular,,99.1,AUTO-ADDED
profile239,28,large,,0.2,AUTO-ADDED
profile240,17,small,,3.3,AUTO-ADDED
profile240,18,small,,18.4,AUTO-ADDED
profile240,19,regular,,31.2,AUTO-ADDED
profile240,20,regular,?,0.1,AUTO-ADDED
profile240,22,regular,?,30.8,AUTO-ADDED
profile240,24,regular,?,16.1,AUTO-ADDED
profile241,14,small,,0.3,AUTO-ADDED
profile241,18,small,,17.9,AUTO-ADDED
profile241,24,regular,,81.5,AUTO-ADDED
profile241,26,large,,0.3,AUTO-ADDED
profile242,14,small,,0.1,AUTO-ADDED
profile242,18,small,,24.1,AUTO-ADDED
profile242,22,regular,,0.0,AUTO-ADDED
profile242,24,regular,,75.6,AUTO-ADDED
profile242,26,large,,0.2,AUTO-ADDED
profile243,14,small,,0.6,AUTO-ADDED
profile243,16,small,,0.6,AUTO-ADDED
profile243,18,small,,24.7,AUTO-ADDED
profile243,20,small,,0.0,AUTO-ADDED
profile243,22,regular,,0.0,AUTO-ADDED
profile243,24,regular,,74.1,AUTO-ADDED
profile244,14,small,,0.1,AUTO-ADDED
profile244,23,regular,,98.6,AUTO-ADDED
profile244,26,large,,1.4,AUTO-ADDED
profile245,14,small,,0.5,AUTO-ADDED
profile245,22,regular,,98.4,AUTO-ADDED
profile245,26,large,,1.2,AUTO-ADDED
profile246,14,small,,0.4,AUTO-ADDED
profile246,17,small,,13.9,AUTO-ADDED
profile246,18,small,,33.3,AUTO-ADDED
profile246,22,regular,,11.6,AUTO-ADDED
profile246,23,regular,,1.0,AUTO-ADDED
profile246,24,regular,,39.8,AUTO-ADDED
profile247,16,small,,0.2,AUTO-ADDED
profile247,18,small,,0.4,AUTO-ADDED
profile247,20,small,,1.4,AUTO-ADDED
profile247,23,regular,,97.6,AUTO-ADDED
profile247,25,regular,,0.4,AUTO-ADDED
